{
    "loss": 4.638545036315918,
    "accuracy": 0.6213826537132263
}